Cluster,Recency,Frequency,Monetary
0,127.2454851084005,1.092539114693332,110.18481854230421
1,237.72185430463577,11.708609271523178,1352.496490066225
2,387.48936608324755,1.102926901014855,109.39256037652595
3,229.12164124909222,3.0217864923747277,340.1829157588962
